patient_id,label,image_path,set
185,0,185/IM-0001-0001.png,val
185,0,185/IM-0001-0002.png,val
185,0,185/IM-0001-0003.png,val
185,0,185/IM-0001-0004.png,val
171,0,171/IM-0004-0001.png,val
171,0,171/IM-0002-0001.png,val
171,0,171/IM-0003-0001.png,val
171,0,171/IM-0001-0001.png,val
176,0,176/IM-0004-0001.png,val
176,0,176/IM-0002-0001.png,val
176,0,176/IM-0003-0001.png,val
176,0,176/IM-0001-0001.png,val
147,1,147/IM-0004-0001.png,val
179,0,179/IM-0004-0001.png,val
179,0,179/IM-0002-0001.png,val
179,0,179/IM-0001-0001.png,val
230,0,230/IM-0004-0001.png,val
230,0,230/IM-0002-0001.png,val
230,0,230/IM-0003-0001.png,val
230,0,230/IM-0001-0001.png,val
239,0,239/IM-0004-0001.png,val
239,0,239/IM-0002-0001.png,val
239,0,239/IM-0003-0001.png,val
239,0,239/IM-0001-0001.png,val
265,0,265/IM-0004-0001.png,val
265,0,265/IM-0002-0001.png,val
265,0,265/IM-0003-0001.png,val
265,0,265/IM-0001-0001.png,val
254,0,254/IM-0004-0001.png,val
254,0,254/IM-0002-0001.png,val
254,0,254/IM-0003-0001.png,val
254,0,254/IM-0001-0001.png,val
298,0,298/IM-0004-0001.png,val
298,0,298/IM-0002-0001.png,val
298,0,298/IM-0003-0001.png,val
298,0,298/IM-0001-0001.png,val
236,0,236/IM-0004-0001.png,val
236,0,236/IM-0002-0001.png,val
236,0,236/IM-0003-0001.png,val
236,0,236/IM-0001-0001.png,val
231,0,231/IM-0004-0001.png,val
231,0,231/IM-0002-0001.png,val
231,0,231/IM-0003-0001.png,val
231,0,231/IM-0001-0001.png,val
282,0,282/IM-0004-0001.png,val
282,0,282/IM-0002-0001.png,val
282,0,282/IM-0003-0001.png,val
282,0,282/IM-0001-0001.png,val
276,0,276/IM-0004-0001.png,val
276,0,276/IM-0002-0001.png,val
276,0,276/IM-0003-0001.png,val
276,0,276/IM-0001-0001.png,val
278,0,278/IM-0004-0001.png,val
278,0,278/IM-0002-0001.png,val
278,0,278/IM-0003-0001.png,val
278,0,278/IM-0001-0001.png,val
279,0,279/IM-0004-0001.png,val
279,0,279/IM-0002-0001.png,val
279,0,279/IM-0003-0001.png,val
279,0,279/IM-0001-0001.png,val
164,0,164/IM-0001-0001.png,val
164,0,164/IM-0001-0002.png,val
164,0,164/IM-0001-0003.png,val
164,0,164/IM-0001-0004.png,val
196,0,196/IM-0004-0001.png,val
196,0,196/IM-0002-0001.png,val
196,0,196/IM-0003-0001.png,val
196,0,196/IM-0001-0001.png,val
119,1,119/IM-0001-0001.png,val
181,0,181/IM-0004-0001.png,val
181,0,181/IM-0002-0001.png,val
181,0,181/IM-0003-0001.png,val
181,0,181/IM-0001-0001.png,val
186,0,186/IM-0001-0002.png,val
186,0,186/IM-0001-0003.png,val
186,0,186/IM-0001-0004.png,val
73,1,73/IM-0003-0001.png,val
16,1,16/IM-0003-0001.png,val
11,1,11/IM-0002-0001.png,val
11,1,11/IM-0003-0001.png,val
11,1,11/IM-0001-0001.png,val
27,1,27/IM-0002-0001.png,val
233,0,233/IM-0004-0001.png,val
233,0,233/IM-0002-0001.png,val
233,0,233/IM-0003-0001.png,val
233,0,233/IM-0001-0001.png,val
256,0,256/IM-0004-0001.png,val
256,0,256/IM-0002-0001.png,val
256,0,256/IM-0003-0001.png,val
256,0,256/IM-0001-0001.png,val
293,1,293/IM-0002-0002.png,val
268,0,268/IM-0001-0001.png,val
268,0,268/IM-0001-0002.png,val
268,0,268/IM-0001-0003.png,val
268,0,268/IM-0001-0005.png,val
275,0,275/IM-0004-0001.png,val
275,0,275/IM-0002-0001.png,val
275,0,275/IM-0003-0001.png,val
275,0,275/IM-0001-0001.png,val
210,0,210/IM-0004-0001.png,val
210,0,210/IM-0002-0001.png,val
210,0,210/IM-0003-0001.png,val
210,0,210/IM-0001-0001.png,val
226,0,226/IM-0004-0001.png,val
226,0,226/IM-0002-0001.png,val
226,0,226/IM-0003-0001.png,val
226,0,226/IM-0001-0001.png,val
220,0,220/IM-0004-0001.png,val
220,0,220/IM-0002-0001.png,val
220,0,220/IM-0003-0001.png,val
220,0,220/IM-0001-0001.png,val
160,0,160/IM-0004-0001.png,val
160,0,160/IM-0002-0001.png,val
160,0,160/IM-0003-0001.png,val
160,0,160/IM-0001-0001-0001.png,val
105,1,105/IM-0002-0001.png,val
105,1,105/IM-0003-0001.png,val
192,0,192/IM-0004-0001.png,val
192,0,192/IM-0002-0001.png,val
192,0,192/IM-0003-0001.png,val
192,0,192/IM-0001-0001.png,val
159,0,159/IM-0003-0001.png,val
159,0,159/IM-0001-0001.png,val
300,0,300/IM-0004-0001.png,val
300,0,300/IM-0002-0001.png,val
300,0,300/IM-0001-0001.png,val
135,1,135/IM-0001-0002.png,val
